event_id,event_name
1,"Basketball Men's Basketball"
2,"Judo Men's Extra-Lightweight"
3,"Football Men's Football"
4,"Tug-Of-War Men's Tug-Of-War"
5,"Speed Skating Women's 500 metres"
6,"Speed Skating Women's 1
7,"Cross Country Skiing Men's 10 kilometres"
8,"Cross Country Skiing Men's 50 kilometres"
9,"Cross Country Skiing Men's 10/15 kilometres Pursuit"
10,"Cross Country Skiing Men's 4 x 10 kilometres Relay"
11,"Cross Country Skiing Men's 30 kilometres"
12,"Athletics Women's 100 metres"
13,"Athletics Women's 4 x 100 metres Relay"
14,"Ice Hockey Men's Ice Hockey"
15,"Swimming Men's 400 metres Freestyle"
16,"Badminton Men's Singles"
17,"Sailing Women's Windsurfer"
18,"Biathlon Women's 7.5 kilometres Sprint"
19,"Swimming Men's 200 metres Breaststroke"
20,"Swimming Men's 400 metres Breaststroke"
21,"Gymnastics Men's Individual All-Around"
22,"Gymnastics Men's Team All-Around"
23,"Gymnastics Men's Floor Exercise"
24,"Gymnastics Men's Horse Vault"
25,"Gymnastics Men's Parallel Bars"
26,"Gymnastics Men's Horizontal Bar"
27,"Gymnastics Men's Rings"
28,"Gymnastics Men's Pommelled Horse"
29,"Athletics Men's Shot Put"
30,"Art Competitions Mixed Sculpturing
31,"Alpine Skiing Men's Downhill"
32,"Alpine Skiing Men's Super G"
33,"Alpine Skiing Men's Giant Slalom"
34,"Alpine Skiing Men's Slalom"
35,"Alpine Skiing Men's Combined"
36,"Handball Women's Handball"
37,"Weightlifting Women's Super-Heavyweight"
38,"Wrestling Men's Light-Heavyweight
39,"Speed Skating Men's 500 metres"
40,"Speed Skating Men's 1
41,"Gymnastics Men's Team All-Around
42,"Luge Women's Singles"
43,"Water Polo Men's Water Polo"
44,"Sailing Mixed Three Person Keelboat"
45,"Hockey Women's Hockey"
46,"Rowing Men's Lightweight Double Sculls"
47,"Athletics Men's Pole Vault"
48,"Athletics Men's High Jump"
49,"Sailing Men's Two Person Dinghy"
50,"Athletics Men's 1
51,"Bobsleigh Men's Four"
52,"Swimming Men's 100 metres Butterfly"
53,"Swimming Men's 200 metres Butterfly"
54,"Swimming Men's 4 x 100 metres Medley Relay"
55,"Football Women's Football"
56,"Fencing Men's Foil
57,"Fencing Men's epee
58,"Speed Skating Men's 5
59,"Speed Skating Men's 10
60,"Sailing Mixed 8 metres"
61,"Equestrianism Mixed Jumping
62,"Cross Country Skiing Men's 15 kilometres"
63,"Shooting Men's Small-Bore Rifle
64,"Shooting Men's Rapid-Fire Pistol
65,"Shooting Men's Trap"
66,"Athletics Men's 4 x 100 metres Relay"
67,"Athletics Men's Long Jump"
68,"Boxing Men's Light-Welterweight"
69,"Athletics Women's Javelin Throw"
70,"Wrestling Men's Heavyweight
71,"Taekwondo Men's Flyweight"
72,"Boxing Men's Heavyweight"
73,"Athletics Men's 5
74,"Cycling Men's Road Race
75,"Weightlifting Men's Lightweight"
76,"Weightlifting Men's Middleweight"
77,"Rowing Men's Coxless Pairs"
78,"Judo Men's Half-Middleweight"
79,"Taekwondo Women's Flyweight"
80,"Boxing Men's Flyweight"
81,"Basketball Women's Basketball"
82,"Diving Men's Platform"
83,"Canoeing Men's Canadian Doubles
84,"Canoeing Men's Kayak Fours
85,"Handball Men's Handball"
86,"Rowing Women's Coxless Pairs"
87,"Boxing Men's Middleweight"
88,"Judo Men's Lightweight"
89,"Boxing Men's Featherweight"
90,"Tennis Men's Doubles"
91,"Shooting Mixed Skeet"
92,"Wrestling Men's Featherweight
93,"Sailing Mixed Two Person Heavyweight Dinghy"
94,"Athletics Women's Shot Put"
95,"Rowing Men's Coxed Eights"
96,"Cycling Women's Sprint"
97,"Cycling Women's 500 metres Time Trial"
98,"Athletics Men's 110 metres Hurdles"
99,"Shooting Mixed Trap"
100,"Athletics Women's Marathon"
101,"Athletics Men's 100 metres"
102,"Fencing Men's Sabre
103,"Swimming Men's 100 metres Freestyle"
104,"Swimming Men's 4 x 200 metres Freestyle Relay"
105,"Boxing Men's Lightweight"
106,"Modern Pentathlon Men's Individual"
107,"Boxing Men's Welterweight"
108,"Rowing Men's Quadruple Sculls"
109,"Rowing Men's Double Sculls"
110,"Rowing Men's Coxed Pairs"
111,"Athletics Men's 400 metres Hurdles"
112,"Athletics Men's 400 metres"
113,"Athletics Men's Hammer Throw"
114,"Weightlifting Men's Featherweight"
115,"Athletics Men's 800 metres"
116,"Hockey Men's Hockey"
117,"Alpine Skiing Women's Slalom"
118,"Rowing Women's Single Sculls"
119,"Swimming Men's 50 metres Freestyle"
120,"Weightlifting Women's Featherweight"
121,"Water Polo Women's Water Polo"
122,"Figure Skating Men's Singles"
123,"Weightlifting Men's Heavyweight"
124,"Equestrianism Mixed Three-Day Event
125,"Figure Skating Mixed Team"
126,"Sailing Women's Three Person Keelboat"
127,"Cycling Women's Road Race
128,"Golf Women's Individual"
129,"Softball Women's Softball"
130,"Archery Women's Individual"
131,"Volleyball Men's Volleyball"
132,"Taekwondo Women's Heavyweight"
133,"Synchronized Swimming Women's Duet"
134,"Synchronized Swimming Women's Team"
135,"Taekwondo Women's Featherweight"
136,"Athletics Men's Marathon"
137,"Athletics Men's 4 x 400 metres Relay"
138,"Athletics Men's 10
139,"Athletics Women's 3
140,"Diving Women's Platform"
141,"Shooting Men's Air Rifle
142,"Athletics Men's 200 metres"
143,"Weightlifting Men's Flyweight"
144,"Swimming Men's 100 metres Backstroke"
145,"Weightlifting Men's Light-Heavyweight"
146,"Wrestling Men's Lightweight
147,"Wrestling Men's Super-Heavyweight
148,"Shooting Men's Free Pistol
149,"Shooting Men's Air Pistol
150,"Rowing Men's Coxless Fours"
151,"Boxing Men's Light-Flyweight"
152,"Boxing Men's Super-Heavyweight"
153,"Wrestling Men's Flyweight
154,"Shooting Women's Air Rifle
155,"Weightlifting Men's Middle-Heavyweight"
156,"Athletics Men's Javelin Throw"
157,"Volleyball Women's Volleyball"
158,"Wrestling Men's Welterweight
159,"Wrestling Men's Middleweight
160,"Athletics Men's 3
161,"Swimming Women's 100 metres Backstroke"
162,"Swimming Women's 200 metres Backstroke"
163,"Swimming Women's 4 x 100 metres Medley Relay"
164,"Modern Pentathlon Men's Team"
165,"Boxing Men's Bantamweight"
166,"Athletics Women's 200 metres"
167,"Table Tennis Women's Singles"
168,"Table Tennis Women's Doubles"
169,"Shooting Men's Skeet"
170,"Swimming Women's 50 metres Freestyle"
171,"Athletics Men's Triple Jump"
172,"Weightlifting Women's Lightweight"
173,"Athletics Women's Long Jump"
174,"Fencing Women's epee
175,"Swimming Men's 200 metres Freestyle"
176,"Swimming Men's 4 x 100 metres Freestyle Relay"
177,"Swimming Men's 200 metres Backstroke"
178,"Swimming Men's 200 metres Individual Medley"
179,"Swimming Men's 400 metres Individual Medley"
180,"Badminton Women's Singles"
181,"Boxing Men's Light-Middleweight"
182,"Tennis Men's Singles"
183,"Wrestling Men's Bantamweight
184,"Athletics Women's 5
185,"Weightlifting Women's Light-Heavyweight"
186,"Weightlifting Women's Heavyweight"
187,"Athletics Men's Discus Throw"
188,"Taekwondo Men's Featherweight"
189,"Taekwondo Men's Welterweight"
190,"Judo Men's Heavyweight"
191,"Cycling Men's Sprint"
192,"Bobsleigh Men's Two"
193,"Nordic Combined Men's Team"
194,"Nordic Combined Men's Individual"
195,"Baseball Men's Baseball"
196,"Rowing Men's Coxed Fours"
197,"Cycling Men's 100 kilometres Team Time Trial"
198,"Rhythmic Gymnastics Women's Group"
199,"Art Competitions Mixed Architecture
200,"Gymnastics Women's Individual All-Around"
201,"Gymnastics Women's Team All-Around"
202,"Gymnastics Women's Floor Exercise"
203,"Gymnastics Women's Horse Vault"
204,"Gymnastics Women's Uneven Bars"
205,"Gymnastics Women's Balance Beam"
206,"Diving Women's Springboard"
207,"Diving Women's Synchronized Springboard"
208,"Athletics Women's 10
209,"Sailing Mixed 7 metres"
210,"Judo Women's Half-Middleweight"
211,"Athletics Men's Decathlon"
212,"Biathlon Men's 10 kilometres Sprint"
213,"Biathlon Men's 20 kilometres"
214,"Biathlon Men's 4 x 7.5 kilometres Relay"
215,"Freestyle Skiing Men's Moguls"
216,"Wrestling Men's Middleweight A
217,"Athletics Women's Discus Throw"
218,"Swimming Women's 4 x 100 metres Freestyle Relay"
219,"Athletics Women's 1
220,"Shooting Women's Air Pistol
221,"Shooting Women's Sporting Pistol
222,"Canoeing Men's Kayak Doubles
223,"Canoeing Men's Kayak Singles
224,"Shooting Men's Running Target
225,"Judo Women's Half-Heavyweight"
226,"Athletics Women's Pole Vault"
227,"Rugby Sevens Women's Rugby Sevens"
228,"Table Tennis Men's Team"
229,"Figure Skating Mixed Pairs"
230,"Freestyle Skiing Men's Aerials"
231,"Rowing Women's Coxed Eights"
232,"Athletics Women's 4 x 400 metres Relay"
233,"Alpine Skiing Women's Giant Slalom"
234,"Alpine Skiing Women's Super G"
235,"Cross Country Skiing Women's 5 kilometres"
236,"Cross Country Skiing Women's 10 kilometres"
237,"Cross Country Skiing Women's 20 kilometres"
238,"Cycling Men's 1
239,"Cycling Men's Individual Pursuit
240,"Rowing Women's Lightweight Double Sculls"
241,"Athletics Women's 800 metres"
242,"Rowing Women's Coxed Quadruple Sculls"
243,"Weightlifting"
244,"Handball"
245,"Biathlon Men's 12.5 kilometres Pursuit"
246,"Biathlon Mixed 2 x 6 kilometres and 2 x 7.5 kilometres Relay"
247,"Rhythmic Gymnastics Women's Individual"
248,"Archery Men's Individual"
249,"Archery Men's Team"
250,"Speed Skating Women's Team Pursuit (6 laps)"
251,"Cross Country Skiing Men's Sprint"
252,"Athletics Women's 400 metres"
253,"Figure Skating Women's Singles"
254,"Trampolining Men's Individual"
255,"Beach Volleyball Men's Beach Volleyball"
256,"Cycling Women's Mountainbike
257,"Athletics Men's Javelin Throw
258,"Triathlon Women's Olympic Distance"
259,"Gymnastics Women's Team Portable Apparatus"
260,"Cycling Men's Mountainbike
261,"Athletics Women's 400 metres Hurdles"
262,"Diving Men's Springboard"
263,"Table Tennis Men's Singles"
264,"Art Competitions Mixed Painting"
265,"Cross Country Skiing Women's 3 x 5 kilometres Relay"
266,"Judo Men's Open Class"
267,"Rowing Women's Quadruple Sculls"
268,"Nordic Combined Men's Sprint"
269,"Athletics Women's Pentathlon"
270,"Art Competitions Mixed Painting
271,"Cycling Men's Team Pursuit
272,"Weightlifting Women's Middleweight"
273,"Swimming Men's 1
274,"Wrestling Women's Light-Heavyweight
275,"Swimming Women's 100 metres Freestyle"
276,"Equestrianism Men's Jumping
277,"Equestrianism Men's Three-Day Event
278,"Alpine Skiing Women's Combined"
279,"Athletics Women's High Jump"
280,"Ski Jumping Men's Normal Hill
281,"Canoeing Women's Kayak Fours
282,"Ice Hockey Women's Ice Hockey"
283,"Sailing Men's One Person Dinghy"
284,"Trampolining Women's Individual"
285,"Curling Men's Curling"
286,"Art Competitions Mixed Literature"
287,"Judo Men's Middleweight"
288,"Biathlon Women's 15 kilometres"
289,"Biathlon Women's 3 x 7.5 kilometres Relay"
290,"Biathlon Women's 4 x 7.5 kilometres Relay"
291,"Judo Men's Half-Lightweight"
292,"Fencing Women's Foil
293,"Swimming Women's 200 metres Butterfly"
294,"Swimming Women's 400 metres Individual Medley"
295,"Golf Men's Individual"
296,"Athletics Men's Standing High Jump"
297,"Athletics Men's Standing Long Jump"
298,"Athletics Men's 20 kilometres Walk"
299,"Swimming Men's 220 yard Freestyle"
300,"Swimming Men's 880 yard Freestyle"
301,"Swimming Men's One Mile Freestyle"
302,"Swimming Men's 4 x 50 Yard Freestyle Relay"
303,"Swimming Men's Plunge For Distance"
304,"Shooting Men's Free Rifle
305,"Shooting Men's Military Rifle
306,"Judo Men's Half-Heavyweight"
307,"Archery Women's Team"
308,"Athletics Men's 50 kilometres Walk"
309,"Rowing Women's Double Sculls"
310,"Sailing"
311,"Boxing Men's Light-Heavyweight"
312,"Boxing Women's Flyweight"
313,"Athletics Women's 100 metres Hurdles"
314,"Athletics Men's Discus Throw
315,"Curling Women's Curling"
316,"Sailing Mixed One Person Dinghy"
317,"Wrestling Women's Heavyweight
318,"Badminton Mixed Doubles"
319,"Amsterdam"
320,"Sailing Mixed Two Person Keelboat"
321,"Table Tennis Men's Doubles"
322,"Wrestling Men's Light-Flyweight
323,"Wrestling Women's Featherweight
324,"Swimming Women's 200 metres Freestyle"
325,"Swimming Women's 400 metres Freestyle"
326,"Swimming Women's 200 metres Individual Medley"
327,"Sailing Men's Windsurfer"
328,"Freestyle Skiing Men's Slopestyle"
329,"Rugby Sevens Men's Rugby Sevens"
330,"Wrestling Women's Lightweight
331,"Modern Pentathlon Women's Individual"
332,"Judo Women's Half-Lightweight"
333,"Diving Women's Plain High"
334,"Equestrianism Men's Dressage
335,"Tennis Women's Singles
336,"Diving Men's Plain High"
337,"Shooting Mixed Small-Bore Rifle
338,"Swimming Women's 800 metres Freestyle"
339,"Sailing Women's Two Person Dinghy"
340,"Alpine Skiing Women's Downhill"
341,"Rowing Men's Single Sculls"
342,"Cycling Men's Tandem Sprint
343,"Freestyle Skiing Women's Halfpipe"
344,"Athletics Women's Heptathlon"
345,"Cycling Men's Points Race"
346,"Synchronized Swimming Women's Solo"
347,"Equestrianism Mixed Dressage
348,"Cross Country Skiing Men's 18 kilometres"
349,"Swimming Men's 100 metres Breaststroke"
350,"Figure Skating Mixed Ice Dancing"
351,"Shooting"
352,"Sailing Mixed 6 metres"
353,"Sailing Women's Skiff"
354,"Triathlon Men's Olympic Distance"
355,"Sailing Women's One Person Dinghy"
356,"Cross Country Skiing Women's 30 kilometres"
357,"Cross Country Skiing Women's 15 km Skiathlon"
358,"Rowing"
359,"Beach Volleyball Women's Beach Volleyball"
360,"Weightlifting Men's Super-Heavyweight"
361,"Rowing Men's Lightweight Coxless Fours"
362,"Canoeing Men's Canadian Singles
363,"Sailing Mixed 5.5 metres"
364,"Diving Men's Synchronized Platform"
365,"Snowboarding Men's Halfpipe"
366,"Canoeing Women's Kayak Singles
367,"Weightlifting Women's Flyweight"
368,"Swimming Women's 100 metres Breaststroke"
369,"Swimming Women's 200 metres Breaststroke"
370,"Wrestling Men's Middleweight B
371,"Athletics Men's Stone Throw"
372,"Athletics Men's Pentathlon (Ancient)"
373,"Shooting Women's Small-Bore Rifle
374,"Swimming Women's 100 metres Butterfly"
375,"Weightlifting Men's Heavyweight I"
376,"Athletics Men's Shot Put
377,"Ski Jumping Men's Large Hill
378,"Ice Hockey"
379,"Shooting Women's Trap"
380,"Badminton Men's Doubles"
381,"Swimming Women's 4 x 200 metres Freestyle Relay"
382,"Athletics Men's 10 kilometres Walk"
383,"Athletics Women's 20 kilometres Walk"
384,"Athletics Women's 80 metres Hurdles"
385,"Sailing Men's One Person Heavyweight Dinghy"
386,"Freestyle Skiing Women's Aerials"
387,"Tennis Mixed Doubles
388,"Football"
389,"Cycling Men's Madison"
390,"Rugby Men's Rugby"
391,"Weightlifting Men's Heavyweight II"
392,"Canoeing Women's Kayak Doubles
393,"Short Track Speed Skating Men's 5
394,"Cycling Men's Individual Time Trial"
395,"Judo Women's Heavyweight"
396,"Gymnastics Men's Individual All-Around
397,"Biathlon Women's 10 kilometres Pursuit"
398,"Biathlon Women's 12.5 kilometres Mass Start"
399,"Biathlon Women's 4 x 6 kilometres Relay"
400,"Fencing Women's Sabre
401,"Shooting Men's Double Trap"
402,"Weightlifting Men's Bantamweight"
403,"Taekwondo Men's Heavyweight"
404,"Sailing Mixed Windsurfer"
405,"Taekwondo Women's Welterweight"
406,"Shooting Mixed Free Rifle
407,"Skeleton Men's Skeleton"
408,"Cycling Men's 50 kilometres"
409,"Shooting Mixed Rapid-Fire Pistol
410,"Cycling Men's 333 metres Time Trial"
411,"Cycling Men's 20 kilometres"
412,"Sailing Mixed Open"
413,"Sailing Mixed 1-2 Ton"
414,"Luge Men's Singles"
415,"Luge Mixed (Men)'s Doubles"
416,"Sailing Mixed Multihull"
417,"Badminton Women's Doubles"
418,"Speed Skating Women's 3
419,"Cross Country Skiing Women's 5/10 kilometres Pursuit"
420,"Cross Country Skiing Women's 4 x 5 kilometres Relay"
421,"Cross Country Skiing Women's 15 kilometres"
422,"Cross Country Skiing Women's 5/5 kilometres Pursuit"
423,"Figure Skating"
424,"Diving Women's Synchronized Platform"
425,"Athletics Women's Triple Jump"
426,"Skeleton Women's Skeleton"
427,"Bobsleigh Men's Four/Five"
428,"Shooting Men's Dueling Pistol
429,"Boxing Women's Lightweight"
430,"Cycling Women's BMX"
431,"Lacrosse Men's Lacrosse"
432,"Athletics Women's 10 kilometres Walk"
433,"Sailing Mixed 12 metres"
434,"Judo Women's Extra-Lightweight"
435,"Diving Men's Synchronized Springboard"
436,"Rowing Men's Coxed Fours
437,"Gymnastics Men's Rope Climbing"
438,"Sailing Mixed Two Person Dinghy"
439,"Baseball"
440,"Archery Men's Target Archery
441,"Short Track Speed Skating Women's 3
442,"Freestyle Skiing Women's Moguls"
443,"Short Track Speed Skating Men's 500 metres"
444,"Equestrianism"
445,"Polo Men's Polo"
446,"Fencing"
447,"Cycling Men's BMX"
448,"Art Competitions Mixed Sculpturing"
449,"Athletics Men's Cross-Country
450,"Sailing Mixed 40 metres"
451,"Rowing Men's 17-Man Naval Rowing Boats"
452,"Cross Country Skiing Men's 10/10 kilometres Pursuit"
453,"Ski Jumping Women's Normal Hill
454,"Short Track Speed Skating Men's 1
455,"Gymnastics Men's Club Swinging"
456,"Shooting Mixed Free Pistol
457,"Tennis Women's Singles"
458,"Tennis Mixed Doubles"
459,"Tennis Women's Doubles"
460,"Judo Women's Middleweight"
461,"Judo Women's Lightweight"
462,"Cross Country Skiing Men's Team Sprint"
463,"Snowboarding Women's Halfpipe"
464,"Bobsleigh"
465,"Canoeing Men's Kayak Relay 4 x 500 metres"
466,"Cross Country Skiing Women's Sprint"
467,"Shooting Men's Military Pistol
468,"Rowing Women's Coxed Fours"
469,"Weightlifting Men's Unlimited
470,"Art Competitions Mixed Music
471,"Swimming Men's 4
472,"Swimming Men's Underwater Swimming"
473,"Sailing Mixed Skiff"
474,"Swimming"
475,"Diving"
476,"Swimming Women's 10 kilometres Open Water"
477,"Snowboarding Women's Slopestyle"
478,"Snowboarding Men's Giant Slalom"
479,"Snowboarding Men's Parallel Giant Slalom"
480,"Snowboarding Men's Boardercross"
481,"Snowboarding Men's Parallel Slalom"
482,"Cycling Men's 5
483,"Cycling Men's 100 kilometres"
484,"Cricket Men's Cricket"
485,"Basketball"
486,"Cross Country Skiing Women's Team Sprint"
487,"Gymnastics"
488,"Boxing Women's Middleweight"
489,"Sailing Men's Skiff"
490,"Athletics Men's Pentathlon"
491,"Athletics"
492,"Shooting Women's Skeet"
493,"Biathlon Men's 15 kilometres Mass Start"
494,"Cross Country Skiing Men's 30 km Skiathlon"
495,"Cycling Men's 1/4 mile"
496,"Cycling Men's 1/2 mile"
497,"Cycling Men's 5 mile"
498,"Cycling Men's 25 mile"
499,"Shooting Men's Small Bore-Rifle
500,"Speed Skating Men's Team Pursuit (8 laps)"
501,"Cycling Women's Team Pursuit"
502,"Speed Skating Women's 5
503,"Snowboarding Women's Boardercross"
504,"Shooting Mixed Running Target
505,"Luge Mixed Team Relay"
506,"Cycling Women's Individual Time Trial"
507,"Archery Women's Double National Round"
508,"Cycling Men's Omnium"
509,"Equestrianism Mixed Hacks And Hunter Combined"
510,"Sailing Mixed 10 metres"
511,"Shooting Men's Trap
512,"Cycling Women's Individual Pursuit
513,"Cycling Women's Points Race"
514,"Sailing Men's Two Person Keelboat"
515,"Cycling Men's Keirin"
516,"Cycling Men's Team Sprint"
517,"Athletics Men's 5 mile"
518,"Bobsleigh Women's Two"
519,"Alpine Skiing"
520,"Racquets Men's Singles"
521,"Racquets Men's Doubles"
522,"Art Competitions Mixed Literature
523,"Berlin"
524,"Motorboating Mixed A-Class (Open)"
525,"Archery Men's Continental Style"
526,"Military Ski Patrol Men's Military Ski Patrol"
527,"Wrestling Women's Flyweight
528,"Sailing Mixed 0.5-1 Ton"
529,"Croquet Mixed Singles
530,"Croquet Mixed Doubles"
531,"Swimming Men's 10 kilometres Open Water"
532,"Archery Men's Double York Round"
533,"Wrestling Women's Middleweight
534,"Equestrianism Men's Vaulting
535,"Swimming Men's 4 x 250 metres Freestyle Relay"
536,"Speed Skating"
537,"Freestyle Skiing Women's Slopestyle"
538,"Table Tennis Women's Team"
539,"Athletics Women's Hammer Throw"
540,"Boxing"
541,"Short Track Speed Skating Women's 500 metres"
542,"Shooting Women's Double Trap"
543,"Rowing Men's 6-Man Naval Rowing Boats"
544,"Art Competitions Mixed Music"
545,"Curling"
546,"Short Track Speed Skating Women's 1
547,"Rowing Women's Coxless Fours"
548,"Water Polo"
549,"Freestyle Skiing Women's Ski Cross"
550,"Freestyle Skiing Men's Ski Cross"
551,"Tennis Men's Doubles
552,"Tennis Men's Singles
553,"Archery"
554,"Table Tennis"
555,"Cycling Men's 25 kilometres"
556,"Luge"
557,"Nordic Combined Men's Normal Hill / 10 km
558,"Nordic Combined Men's Large Hill / 10 km
559,"Modern Pentathlon"
560,"Athletics Men's Standing Triple Jump"
561,"Rowing Men's Coxed Pairs (1 kilometres)"
562,"Cycling Women's Keirin"
563,"Swimming Women's 300 metres Freestyle"
564,"Tennis"
565,"Snowboarding Women's Giant Slalom"
566,"Sailing Mixed 30 metres"
567,"Athletics Men's 4
568,"Rhythmic Gymnastics"
569,"Snowboarding Men's Slopestyle"
570,"London"
571,"Rowing Men's Coxed Pairs (1 mile)"
572,"Art Competitions Mixed Unknown Event"
573,"Cycling Women's Omnium"
574,"Freestyle Skiing Men's Halfpipe"
575,"Swimming Men's 200 metres Obstacle Course"
576,"Swimming Men's 200 metres Team Swimming"
577,"Polo"
578,"Sailing Mixed 12 foot"
579,"Jeu De Paume Men's Singles"
580,"Sailing Mixed 10-20 Ton"
581,"Cycling Men's 1/3 mile"
582,"Cycling Men's 1 mile"
583,"Cycling Men's 2 mile"
584,"St. Louis"
585,"Hockey"
586,"Canoeing Men's Folding Kayak Doubles
587,"Athletics Men's 60 metres"
588,"Snowboarding Women's Parallel Giant Slalom"
589,"Sailing Mixed 2-3 Ton"
590,"Judo"
591,"Speed Skating Men's Allround"
592,"Snowboarding Women's Parallel Slalom"
593,"Gymnastics Men's Parallel Bars
594,"Gymnastics Men's Horizontal Bar
595,"Nordic Combined"
596,"Cross Country Skiing"
597,"Barcelona"
598,"Athletics Men's 3 mile
599,"Biathlon"
600,"Swimming Men's 100 Yard Backstroke"
601,"Swimming Men's 440 Yard Breaststroke"
602,"Wrestling"
603,"Golf"
604,"Art Competitions Mixed Architecture"
605,"Canoeing"
606,"Roque Men's Singles"
607,"Gymnastics Men's Side Horse"
608,"Alpinism Mixed Alpinism"
609,"Archery Men's Double American Round"
610,"Archery Men's Team Round"
611,"Tug-Of-War"
612,"Athletics Men's 10 mile Walk"
613,"Golf Men's Team"
614,"Sailing Mixed 0-0.5 Ton"
615,"Sailing Mixed 20+ Ton"
616,"Cycling Women's Team Sprint"
617,"Shooting Men's Military Revolver
618,"Shooting Men's Dueling Pistol Au Vise 20 metres"
619,"Shooting Men's Dueling Pistol Au Commandement
620,"Sailing Mixed 6.5 metres"
621,"Athletics Men's 200 metres Hurdles"
622,"Athletics Men's 56-pound Weight Throw"
623,"Equestrianism Mixed Four-In-Hand Competition"
624,"Art Competitions"
625,"Athletics Men's 2
626,"Volleyball"
627,"Athletics Men's All-Around Championship"
628,"Archery Men's Pole Archery
629,"Cycling"
630,"Archery Women's Double Columbia Round"
631,"Athletics Men's 4 mile
632,"Synchronized Swimming"
633,"Figure Skating Men's Special Figures"
634,"Moskva"
635,"Swimming Men's 50 yard Freestyle"
636,"Swimming Men's 100 yard Freestyle"
637,"Swimming Men's 440 yard Freestyle"
638,"Montreal"
639,"Basque Pelota Men's Two-Man Teams With Cesta"
640,"Equestrianism Mixed Long Jump"
641,"Munich"
642,"Los Angeles"
643,"Archery Men's Au Cordon Dore
644,"Canoeing Men's Folding Kayak Singles
645,"Rugby"
646,"Swimming Men's 100 metres Freestyle For Sailors"
647,"Sailing Mixed 3-10 Ton"
648,"Wrestling Men's Unlimited Class
649,"Seoul"
650,"Motorboating Mixed B-Class (Under 60 Feet)"
651,"Motorboating Mixed C-Class"
652,"Cycling Men's 10
653,"Archery Men's Sur La Perche a La Herse"
654,"Shooting Men's Muzzle-Loading Pistol
655,"Equestrianism Mixed High Jump"
656,"Taekwondo"
657,"Melbourne"
658,"Paris"
659,"Archery Men's Sur La Perche a La Pyramide"
660,"Motorboating"
661,"Jeu De Paume"
662,"Fencing Men's Single Sticks
663,"Gymnastics Men's Tumbling"
664,"Shooting Men's Unknown Event"
665,"Albertville"
666,"Lillehammer"
667,"Sailing Mixed 18 foot"
668,"Archery Men's Unknown Event"
669,"Beach Volleyball"
670,"Archery Men's Au Chapelet
671,"Chamonix"
672,"Sankt Moritz"
673,"Lake Placid"
674,"Garmisch-Partenkirchen"
675,"Summer"
676,"Archery Women's Team Round"
677,"Wrestling Men's All-Around
678,"Sydney"
679,"Athina"
680,"Cycling Men's 12-Hours Race"
681,"Swimming Men's 500 metres Freestyle"
682,"Helsinki"
683,"Weightlifting Men's All-Around Dumbbell Contest"
684,"Short Track Speed Skating"
685,"Ski Jumping"
686,"Mexico City"
687,"Tokyo"
688,"Aeronautics Mixed Aeronautics"
689,"Innsbruck"
690,"Grenoble"
691,"Skeleton"
692,"Badminton"
693,"Cortina d'Ampezzo"
694,"Cricket"
695,"Archery Men's Championnat Du Monde"
696,"Roma"
697,"Antwerpen"
